estimacion,delta,minimo,maximo,muestra
0.470236621313069,0.0190654128400353,0.4511712084730336,0.4893020341531044,92
0.4752947373561284,0.0176799501686771,0.4576147871874512,0.4929746875248056,127
0.4764263015262689,0.014911993075364,0.4615143084509048,0.491338294601633,214
0.47222522160452096,0.012851637046212479,0.45937358455830846,0.48507685865073347,256
