estimacion,delta,minimo,maximo
0.4655775795962787,0.0185715016412968,0.4470060779549819,0.4841490812375756
0.4763134807519897,0.016152956205252,0.4601605245467376,0.4924664369572417
0.4707836640415589,0.0126194283420842,0.4581642356994746,0.4834030923836432
0.4707836640415589,0.012619428342084292,0.4581642356994746,0.4834030923836432
