estimacion,delta,minimo,maximo,muestra
0.4099028245838386,0.0193447069238654,0.3905581176599731,0.4292475315077041,92
0.4122080834133861,0.0162949695960461,0.3959131138173399,0.4285030530094322,116
0.4064999992911738,0.0138751414857235,0.3926248578054503,0.4203751407768974,205
0.4032179772383151,0.012059202951024,0.391158774287291,0.4152771801893391,305
