estimacion,delta,minimo,maximo
0.4122983605710194,0.0259163665688475,0.3863819940021719,0.438214727139867
0.4036637243984204,0.0184622263362558,0.3852014980621645,0.4221259507346763
0.4036637243984204,0.0184622263362558,0.3852014980621645,0.4221259507346763
0.4081419091641745,0.0130034550525398,0.3951384541116346,0.4211453642167143
0.4081419091641745,0.013003455052539857,0.3951384541116346,0.42114536421671434
