estimacion,delta,minimo,maximo,muestra
0.4684335424401891,0.0177116130819036,0.4507219293582854,0.4861451555220927,92
0.4682894861373402,0.0142063021834119,0.4540831839539282,0.4824957883207522,116
0.4772487929791273,0.014914785304735,0.4623340076743923,0.4921635782838624,205
0.47544241383769487,0.012024614303054027,0.46341779953464085,0.4874670281407489,305
